portal	name
Sphbr2	Sphaerosporella_brunnea_Sb_GMNB300_v2.0
Magor1	Magnaporthe_oryzae_70-15_v3.0
HyFL1150_1	Hypoxylon_sp._FL1150_v1.0
Xylni1	Xylaria_nigripes_YMJ_653_v1.0
Xy124048_1	Xylaria_sp._CBS_124048_v1.0
Hyparg1	Hypoxylon_argillaceum_CBS_527.63_v1.0
Xyldig1	Xylaria_digitata_CBS_161.22_v1.0
Phapa1	Phakopsora_pachyrhizi_MG2006_v1.0
LlaTMI1499_1	Lentinula_lateritia_TMI1499_v1.0
LedTMI1148_1	Lentinula_edodes_TMI1148_v1.0
LboTFB7829_1	Lentinula_afn._boryana_TFB7829_v1.0
LedVB361_1	Lentinula_edodes_VB361_v1.0
Psene1	Pseudoidium_neolycopersici_MF1_v1.0
Neobo1	Neocosmospora_boninensis_NRRL_22470_v1.0
Porpun1	Poronia_punctata_CBS_180.79_v1.0
Annmae1	Annulohypoxylon_maeteangense_CBS_123835_v1.0
YarliW29	Yarrowia_lipolytica_PO1f_v1.0
YarliYlCW001	Yarrowia_lipolytica_YlCW001_v1.0
Daldec1	Daldinia_decipiens_CBS_113046_v1.0
Dales1	Daldinia_eschscholtzii_FL0578_v1.0
Dalcal1	Daldinia_caldariorum_CBS_122874_v1.0
Dalloc1	Daldinia_loculata_CBS_113971_v1.0
Bisma1	Biscogniauxia_marginata_CBS_124505_v1.0
Dalba1	Daldinia_bambusicola_CBS_122872_v1.0
Bisme1	Biscogniauxia_mediterranea_AZ0048_v1.0
Bismed1	Biscogniauxia_mediterranea_CBS_129072_v1.0
Resbic1	Resinicium_bicolor_OMC78_v1.0
Roster1	Rostrohypoxylon_terebratum_CBS_119137_v1.0
Whamic1	Whalleya_microplaca_YMJ1829_v1.0
Pseule1	Pseudocercospora_ulei_ERN8_v1.0
Pismi_AB1_1	Pisolithus_sp._B1_v1.0
Cont1119283	Clitocybe_sp._CONT_1119283_v1.0
Suisubl1	"Suillus_subluteus""_FC464_v1.0"""
Suidis1	Suillus_discolor_FC423_v1.0
Chathe1	Chaetomium_thermophilum_var_thermophilum_DSM_1495
XylPMI703_1	Xylogone_sp._PMI_703_v1.0
OphPMI507_1	Ophiostoma_sp._PMI_507_v1.0
DiaPMI573_1	Diaporthaceae_sp._PMI_573_v1.0
MelPMI1271_1	Meliniomyces_sp._PMI_1271_v1.0
Rhoglu91_1	Rhodosporidium_glutinis_ATCC_204091_v1.0
Lbo_TFB10291_1	Lentinula_boryana_TFB10291_v1.0
LboET3784_1	Lentinula_boryana_ET3784_v1.0
Umbelo1	Umbelopsis_sp._PMI_123_v1.0
MecolCla_1	Melampsora_x_columbiana_Clatskanie_v1.0
Dicrob1	Dichotomocladium_robustum_RSA_2353+_v1.0
CtCBS203_1	Camillea_tinctor_CBS_203.56_v1.0
Armmel1	Armillaria_mellea_ELDO17_v1.0
Annnit1	Annulohypoxylon_nitens_CBS_120705_v1.0
Annmor1	Annulohypoxylon_moriforme_CBS_123579_v1.0
Annbov1	Annulohypoxylon_bovei_var._microspora_CBS_124037_v1.0
Annmin1	Annulohypoxylon_minutellum_CBS_135445_v1.0
Annsty1	Annulohypoxylon_stygium_FL0470_v1.0
Anntru1	Annulohypoxylon_truncatum_CBS_140777_v1.0
Led_CS584_1	Lentinula_edodes_CS-584_v1.0
Lbo_TFB10827_1	Lentinula_boryana_TFB10827_v1.0
Nemdif1	Nemania_diffusa_NC0034_v1.0
NsAK0226_1	Nemania_serpens_AK0226_v1.0
NeFL0916_1	Nemania_sp._FL0916_v1.0
NsCB679_1	Nemania_serpens_CBS_679.86_v1.0
KdCBS826_1	Kretzschmaria_deusta_CBS_826.72_v1.0
NsAZ0576_1	Nemania_serpens_AZ0576_v1.0
XyFL0641_1	Xylariomycetidae_sp._FL0641_v1.0
HyFL1857_1	Hypoxylon_sp._FL1857_v1.0
Theau2	Thermoascus_aurantiacus_ATCC26904_v2.0
XyFL1777_1	Xylaria_sp._FL1777_v1.0
Nemani1	Nemania_sp._NC0429_v1.0
DaFL1419_1	Daldinia_sp._FL1419_v1.0
Xylcube1	Xylaria_cubensis_CBS_116.85_v1.0
Xylacu1	Xylaria_acuta_CBS_122032_v1.0
Xyltel121673_1	Xylaria_telfairii_CBS_121673_v1.0
Xylpal124036_1	Xylaria_palmicola_CBS_124036_v1.0
Xylcur114988_1	Xylaria_curta_CBS_114988_v1.0
Xylcas124033_1	Xylaria_cf._castorea_CBS_124033_v1.0
Sorhu1	Sordaria_humana_MPI-SDFR-AT-0083_v1.0
Epini1	Epicoccum_nigrum_cont_1108929_v1.0
Plecucu1	Plectosphaerella_cucumerina_MPI-SDFR-AT-0117_v1.0
Chagl1	Chaetomium_globosum_MPI-SDFR-AT-0079_v1.0
Kurarg1	Kurtia_argillacea_OMC1749_v1.0
Rusear1	Russula_earlei_BPL698_v1.0
HyprubER1909_1	Hypoxylon_rubiginosum_ER1909_v1.0
Hyprub1	Hypoxylon_rubiginosum_CBS_119005_v1.0
Hypcro1	Hypoxylon_crocopeplum_CBS_119004_v1.0
Hypcer1	Hypoxylon_cercidicola_CBS_119009_v1.0
Hypfus1	Hypoxylon_fuscum_CBS_119018_v1.0
Hyptru1	Hypoxylon_trugodes_CBS_135444_v1.0
Xylbam139988_1	Xylaria_bambusicola_CBS_139988_v1.0
Xylint1	Xylaria_intraflava_YMJ_725_v1.0
Xyllon1	Xylaria_longipes_CBS_148.73_v1.0
Xylscr1	Xylaria_scruposa_CBS_123580_v1.0
Xylarb124340_1	Xylaria_arbuscula_CBS_124340_v1.0
Mitdap1	Mitosporidium_daphniae_UGP3
LraJLM1587_1	Lentinula_raphanica_JLM1587_v1.0
LraTFB9207_1	Lentinula_raphanica_TFB9207_v1.0
MoeNVP64_1	Mortierella_elongata_NVP64_v1.0
AcreTS7_1	Acremonium_sp._TS7_v1.0
TyphTRa3160C_1	Typhula_sp._TRa3160C_v1.0
Ellano1	Ellisomyces_anomalus_CBS_243.57_v1.0
Rhiund1	Rhizina_undulata_CBS_300.56_v1.0
Schcoi1	Scheffersomyces_coipomoensis_NRRL_Y-17651T_v1.0
Calmar1	Calycina_marina_TRa3180A_v1.0
Spaarb1	Spathaspora_arborariae_UFMG-HMD-19.1_v1.0
Schsti1	Scheffersomyces_stipitis_NRRL_Y-7124_v1.0
Amyenc1	Amylocarpus_encephaloides_TRa018bII_v1.0
Schque1	Scheffersomyces_queiroziae_UFMG-CLM-5.1_v1.0
XylFL2044	Xylariomycetidae_sp._FL2044_v1.0
Biscog1	Biscogniauxia_sp._genotype_304_FL1348_v1.0
Kredeu1	Kretzschmaria_deusta_IL1129_v1.0
Astsub1	Astrocystis_sublimbata_CBS_130006_v1.0
Pis20_1	Phlebopus_sp._FC_14_v1.0
AurpulNBB1	Aureobasidium_pullulans_NBB_7.2.1_v1.0
TerNC1134_1	Teratosphaeriaceae__sp._NC1134_v1.0
Ruseme1	Russula_emetica_P?ilba_v1.0
Suifus1	Suillus_fuscotomentosus_FC203_v1.0
Amarub1	Amanita_rubescens_P?ilba_v1.0
XylFL0043	Xylaria_sp._FL0043_v1.0
XylFL0016	Xylariaceae_sp._FL0016_v1.0
Hypmon1	Hypoxylon_monticulosum_FL0542_v1.0
XylFL0662B	Xylariaceae_sp._FL0662B_v1.0
XylFL1042	Xylaria_sp._FL1042_v1.0
XylFL1019	Xylariaceae_sp._FL1019_v1.0
XylFL0594	Xylariaceae_sp._FL0594_v1.0
DallocAZ0526	Daldinia_loculata_AZ0526_v1.0
Xylgra1	Xylaria_grammica_CBS_120713_v1.0
XylFL1651	Xylariaceae_sp._FL1651_v1.0
XylFL0255	Xylariaceae_sp._FL0255_v1.0
Xylven1	Xylaria_venustula_FL0490_v1.0
XylFL0933	Xylaria_sp._FL0933_v1.0
XylarbFL1030	Xylaria_arbuscula_FL1030_v1.0
HyNC0597_1	Hypoxylon_sp._NC0597_v1.0
Nemabo1	Nemania_abortiva_FL1152_v1.0
Dalver1	Daldinia_vernicosa_CBS_139.73_v1.0
HyFL0890_1	Hypoxylon_sp._FL0890_v1.0
HyFL0543_1	Hypoxylon_sp._FL0543_v1.0
Dalgra1	Daldinia_grandis_CBS_114736_v1.0
Trire_Chr	Trichoderma_reesei_QM6a
Tribre1	Trichoderma_brevicompactum_IBT40841
Aspber1	Aspergillus_bertholletius_IBT_29228_v1.0
Aspcae1	Aspergillus_caelatus_CBS_763.97_v1.0
Asppsen1	Aspergillus_pseudonomius_CBS_119388_v1.0
Asppset1	Aspergillus_pseudotamarii_CBS_117625_v1.0
Aspser1	Aspergillus_sergii_CBS_130017_v1.0
Aspcor1	Aspergillus_coremiiformis_CBS_553.77_v1.0
Aspalbe1	Aspergillus_albertensis_v1.0
Asptam1	Aspergillus_tamarii_CBS_117626_v1.0
Asptra1	Aspergillus_transmontanensis_CBS_130015_v1.0
Aspara19utr	Aspergillus_arachidicola_v1.0
Asppsec1	Aspergillus_pseudocaelatus_CBS_117616_v1.0
Aspave1	Aspergillus_avenaceus_IBT_18842_v1.0
LraINPA1820_1	Lentinula_raphanica_INPA1820_v1.0
Copph3	Coprinus_phaeopunctatus_MPI-PUGE-AT-0042_v1.0
FusspF11_1	Fusarium_sp._FSSC_11_v1.0
Parchr1	Paraphoma_chrysanthemicola_MPI-SDFR-AT-0120_v1.0
Chafu1	Chaetomium_funicola_MPI-SDFR-AT-0129_v1.0
Phybla1	Phycomyces_blakesleeanus_UBC1_v1.0
YarliW29_1	Yarrowia_lipolytica_CLIB89(W29)
Penatra1	Penicillium_atramentosum_RS17_v1.0
Gervar1	Geranomyces_variabilis_JEL559_v1.0
Lentinedodes1	Lentinula_edodes_W1-26_v1.0
Myclat1	Mycena_latifolia_10383_v1.0
Rorror1	Roridomyces_roridus_9284_v1.0
ClaNC0930_1	Phaeomoniellales__sp._NC0930_v1.0
ThyNC0857_1	Penicillium_sp._NC0857_v1.0
Dacruf1	Dacryonaema_rufum_OMC1653_v1.0
Crudry1	Crustoderma_dryinum_OMC1663_v1.0
Radcon1	Radulomyces_confluens_OMC1631_v1.0
Pormuc1	Porpomyces_mucidus_OMC1666_v1.0
Zalva1	Zalerion_varium_MPI-CAGE-AT-0135_v1.0
Chame1	Chaetomium_megalocarpum_MPI-CAGE-AT-0009_v1.0
Schco2272_1	Schizophyllum_commune_227.2_v1.0
Schco2271_1	Schizophyllum_commune_227.1_v1.0
Schco2251_1	Schizophyllum_commune_225.1_v1.0
Schco2071_1	Schizophyllum_commune_207.1_v1.0
Schco2231_1	Schizophyllum_commune_223.1_v1.0
Muccir1_3	Mucor_circinelloides_MU402_v1.0
Melme_tre1	Melampsora_medusae_f._sp._tremuloidae_Mmt05Ida529_v1.0
Rhanym2_1	Rhamphospora_nymphaeae_CBS_172.38_v1.0
Triple1	Trichoderma_pleuroti_TPhu1
Triaru1	Trichoderma_arundinaceum_IBT_40837
Coraus1	Cortinarius_austrovenetus_TL2843-KIS7R_v1.0
Lophiu1	Mytilinidiaceae_sp._NC0267_v1.0
Myrian1	Myriangiaceae_sp._NC1570_v1.0
Isori2	Issatchenkia_orientalis_ATCC_PTA-6658_v2.0
Amysub1	Amylocorticium_subincarnatum_OMC1654_v1.0
Issori2	Issatchenkia_orientalis_ATCC_32196_v2.0
Flafl1	Flavodon_flavus_38_v1.0
Geatri1	Geastrum_triplex_GST.BST_v1.0
Issorie2	Issatchenkia_orientalis_SD108_v2.0
Jahaq1	Jahnula_aquatica_CBS_123560_v1.0
FusoxT415	Fusarium_oxysporum_f._sp._pisi_T415_v1.0
FusspF23_1	Fusarium_sp._FSSC_23_v1.0
FusspF10_1	Fusarium_sp._FSSC_10_v1.0
Verdah1	Verticillium_dahliae_MPI-CAGE-AT-0001_v1.0
Dactor1	Dacrymyces_fennicus_OMC1656_v1.0
Aspcar1	Aspergillus_carlsbadensis_CBS_123894_v1.0
Aspegy1	Aspergillus_egyptiacus_CBS_656.73_v1.0
Aspnom1	Aspergillus_nomius_IBT_12657_v1.0
Aspnovo1	Aspergillus_novoparasiticus_CBS_126849_v1.0
Asppar1	Aspergillus_parasiticus_CBS_117618_v1.0
Aspmin1	Aspergillus_minisclerotigenes_CBS_117635_v1.0
Mucmuc1	Mucor_mucedo_NRRL_3635_v1.0
Fimjon1	Fimicolochytrium_jonesii_JEL569_v1.0
Boledp1	Boletus_edulis_P?ilba_v1.0
Boled5	Boletus_edulis_BED1_v4.0
Suipla1	Suillus_placidus_DOB743_v1.0
Armbor1	Armillaria_borealis_FPL87.14_v1.0
Lepmol1	Leptoporus_mollis_OMC1684_v1.0
Russem1	Russula_seminuda_PSC4341-TAS1_v1.0
Tirniv1	Tirmania_nivea_G3_v1.0
Xylcub1	Xylaria_flabelliformis_NC1011_v1.0
Lenra_T_1	Lentinula_raphanica_TFB8682_v1.0
TriharM10_1	Trichoderma_harzianum_M10_v1.0
TriharT22_1	Trichoderma_harzianum_T22_v1.0
Conapa1	Conocybe_apala_SZMC-NL-8967_v1.0
Possti1	Postia_stiptica_OMC1664_v1.0
Canbo1	Candida_boidinii_NRRL_Y-2332
Tappo1	Taphrina_populi-salicis_CBS419.54_v1.0
Elyde1	Elytroderma_deformans_CBS183.68_v1.0
Ambph1	Ambrosiozyma_philentoma_NRRL_Y-7523
Petxy1	Peterozyma_xylosa_NRRL_Y-12939
Citma1	Citeromyces_matritensis_NRRL_Y-2407
Sacca1	Saccharomycopsis_capsularis_NRRL_Y-17639
Satdi1	Saturnispora_dispora_NRRL_Y-1447
Lacsu1	Lachnellula_subtilissima_CBS_196.66_v1.0
Nakwi1	Nakazawaea_wickerhamii_NRRL_Y-2563
Triatr1	Trichoderma_atroviride_B10_v1.0
Triatro1	Trichoderma_atroviride_F7_v1.0
Triatrov1	Trichoderma_atroviride_P1_v1.0
DelFL0756_1	Valsariales_sp._FL0756_v1.0
CodFL1790_1	Chaetosphaeriaceae_sp._FL1790_v1.0
Sisrad1	Sistotrema_raduloides_OMC1660_v1.0
Amyrou1	Amylomyces_rouxii_NRRL_5866_v1.0
Theter1	Thelephora_terrestris_UH-Tt-Lm1__v1.0
Pisthe227_1	Pisolithus_croceorrhizus_ssp._2_72_v1.0
Corcam1	Cortinarius_aff._campbellae_TAS5-PSC4363_v1.0
Jimfl_GMNB39_1	Jimgerdemannia_flammicorona_GMNB39
Jimlac1	Jimgerdemannia_lactiflua_OSC166217
Endsp1	Endogone_sp_FLAS_59071
Jimfl_AD_1	Jimgerdemannia_flammicorona_AD002
Pickud1	Pichia_kudriavzevii_CBS573
Melbro1	Melanogaster_broomeianus_MBLB.BST_v1.0
Cervir1	Ceriporia_viridans_OMC1683_v1.0
Plecto1	Xylariales_sp._AK1849_v1.0
Hyssto1	Hysterangium_stoloniferum_HS.BST_v1.0
Microd1	Microdiplodia_sp._AK1800_v1.0
Pestal1	Pestalotiopsis_sp._NC0098_v1.0
Trilon1	Trichoderma_longibrachiatum_MK1_v1.0
Trigui1	Trichoderma_guizhouense_NJAU_4742
Tripar1	Trichoderma_parareesei_CBS_125925
Spogra1_1	Sporobolomyces_gracilis_NRRL_Y-5504_v1.0
Pensoli1	Penicillium_solitum_IBT_30036_v1.0
FlaPMI526_1	Flagelloscypha_sp._PMI_526_v1.0
Lened_B_1_1	Lentinula_edodes_B17_v1.1
Hethyg1	Heterodoassansia_hygrophilae_CBS_346.65_v1.0
Suivar1	Suillus_variegatus_UH-Sva-Z1_v1.0
Echtin1	Echinodontium_tinctorium_Aho-80_v1.0
Aphpse1	Aphanobasidium_pseudotsugae_OMC1630_v1.0
Phlrad1	Phlebia_radiata_Fr._(isolate_79,_FBCC0043)
Mersum1	Meripilus_sumstinei_FP_105329_v1.0
Hercor1	Hericium_coralloides_FP-101451_v1.0
Benpoi1	Benjaminiella_poitrasii_RSA_903_v1.0
Papla1	Papiliotrema_laurentii_5307AH_v1.0
Denmi1	Dendrothele_microspora_FP_101998_v1.0
Necsp1	Nectriopsis_sporangicola_NRRL_22127_v1.0
Pennord1	Penicillium_nordicum_DAOMC_185683
Galinc1	Galzinia_incrustans_CBS_104901_v1.0
Phomu1	Phoma_multirostrata_7a_v1.0
Armtab1	Armillaria_tabescens_CCBAS_213_v1.0
Borrad1	Boreostereum_radiatum_TFC1981-005_v1.0
Triatrob1	Trichoderma_atrobrunneum_ITEM_908
Melame1	Melampsora_americana_R15-033-03_v1.0
Lennov1	Lentinula_novae-zelandiae_TMI-1172_v1.0
Lenafn_TMI1502_1	Lentinula_afn._lateritia_sp_3_TMI1502_v1.0
Melmed1	Melampsora_medusae_f._sp._Deltoidae_Mmd05TRE539_v1.0
Lenrap1_155	Lentinula_raphanica_TFB9929_ss4_v1.0
Suibov1	Suillus_bovinus_UH-Sbo-P2_v1.0
Suipal1	Suillus_paluster_FC165_v1.0
Suilak1	Suillus_lakei_FC43_v1.0
Suiocc1	Suillus_occidentalis_FC124_v1.0
Rhobu1	Rhodocollybia_butyracea_CCBAS_279_v1.0
EurotioJF033F_1	Eurotiomycetes_sp._JF_03-3F_Goopy_v1.0
EurotioJF034F_1	Eurotiomycetes_sp._JF_03-4F_Slimy_v1.0
Pisalb1	Pisolithus_albus_SI12_v1.0
Piscro1	Pisolithus_croceorrhizus_subspA_74A_v1.0
Pismar1	Pisolithus_marmoratus_ssp._2_16A_v1.0
Pisthe1	Pisolithus_thermaeus_11_v1.0
Tubme1v2	Tuber_melanosporum_Mel28_v1.2
YarliYB419	Yarrowia_lipolytica_YB419_v1.0
YarliYB420	Yarrowia_lipolytica_YB420_v1.0
YarliYB392	Yarrowia_lipolytica_YB392_v1.0
YarliYB567	Yarrowia_lipolytica_YB567_v1.0
YarliYB566	Yarrowia_lipolytica_YB566_v1.0
Cylol1	Cylindrocarpon_olidum_MPI-CAGE-CH-0241_v1.0
Neora1	Neonectria_radicicola_MPI-CAGE-AT-0134_v1.0
Lacdel1	Lactarius_deliciosus_48_v1.0
Lacviv1	Lactarius_vividus_141_v1.0
Lacaka1	Lactarius_akahatsu_QP_v1.0
Lachen1	Lactarius_hengduanensis_84_v1.0
Lacpse1	Lactarius_pseudohatsudake_88_v1.0
Lachat1	Lactarius_hatsudake_109_v1.0
Lacsan1	Lactarius_sanguifluus_B21_v1.0
Disorn1	Dissophora_ornata_CBS_347.77_v1.0
Epityp1	Epithele_typhae_CBS_203.58_v1.0
Niavib1	Nia_vibrissa_CBS_119815_v1.0
Cornip1	Boliniaceae_sp._AZ0804_v1.0
Currey1	Teichospora_sp._FL1471_v1.0
Glonio1	Gloniopsis_sp._FL0384_v1.0
Uroocc1	Urocystis_occulta_CBS_102.71_v1.0
Colsp1	Colletotrichum_sp._CBS_101611
Colta1	Colletotrichum_tamarilloi_CBS_129955
Colco1	Colletotrichum_costaricense_IMI_309622
Colch1	Colletotrichum_chlorophyti_NTL11
Colcu1	Colletotrichum_cuscutae_IMI_304802
Colab1	Colletotrichum_abscissum_IMI_504890
Colin1	Colletotrichum_incanum_MAFF_238712
Collup1	Colletotrichum_lupini_IMI_504893
Colpa1	Colletotrichum_paranaense_IMI_384185
Colme1	Colletotrichum_melonis_CBS_134730
Coltof1	Colletotrichum_tofieldiae_CBS_168.49
Colorb1	Colletotrichum_orbiculare_104-T
Agrpra2	Agrocybe_praecox_OKM6292_v1.0
Geocar1	Geopyxis_carbonaria_DOB1671_v1.0
Piptie1	Piptocephalis_tieghemiana_RSA_1565_v1.0
Corsim1	Myceliophthora_similis_CBS_632.67_v1.0
Chyhya1	Chytriomyces_hyalinus_JEL632_v1.0
Phapla1	Phaeosolenia_platensis_CBS_268.64_v1.0
Crison1	Cristinia_sonorae_KKN_215_v1.0
Gorhay1	Gorgonomyces_haynaldii_MP57_v1.0
Blatri_F921_1	Blakeslea_trispora_F921_v1.0
Blatri_F986_2	Blakeslea_trispora_F986_v1.0
Paevar_HGY_1	Paecilomyces_variotii_CBS144490_HYG1_v1.0
Creces1	Crepidotus_cesatii_CBS_511.95_v1.0
Laxbic1	Laxitextum_bicolor_CBS_258.73_v1.0
Albpec1	Albatrellus_peckianus_DAOM_52321_v1.0
Rhice1_1	Rhizophagus_cerebriforme_DAOM_227022_v1.0
Gigro1	Gigaspora_rosea_v1.0
Rhidi1	Rhizophagus_diaphanus_v1.0
Anomyc1	Anomoporia_myceliosa_MJL_4413_v1.0
Helpul1	Helicostylum_pulchrum_RSA_2064_v1.0
Psiser1	Psilocybe_serbica_v1.0
Chocucu1	Choanephora_cucurbitarum_NRRL2744_(50)_v1.0
Lacpsa1	Lactarius_psammicola_BPL869_v1.0
Stobe1	Stomiopeltis_betulae_CBS114420_v1.0
Myxme1	Myxozyma_melibiosi_Phaff_52-87_v1.0
Fusven1	Fusarium_venenatum_MPI-CAGE-CH-0201_v1.0
Dacma1	Dactylonectria_macrodidyma_MPI-CAGE-AT-0147_v1.0
Pleav1	Pleospora_avicennia_ATCC_66911_v1.0
Fusoxys1	Fusarium_oxysporum_MPI-CAGE-CH-0212_v1.0
Fustri1	Fusarium_tricinctum_MPI-SDFR-AT-0044_v1.0
Fustr1	Fusarium_tricinctum_MPI-SDFR-AT-0068_v1.0
Armlut1	Armillaria_luteobubalina_HWK02_v1.0
Armect1	Armillaria_ectypa_FPL83.16_v1.0
Armnab1	Armillaria_nabsnona_CMW6904_v1.0
Velabi1	Veluticeps_abietina_OMC1657_v1.0
Anoalb1	Anomoloma_albolutescens_OMC1655_v1.0
Lashi1	Lasiosphaeris_hispida_CBS_955.72_v1.0
Podap1	Podospora_appendiculata_CBS_314.62_v1.0
Fusco1	Fusarium_commune_MPI-SDFR-AT-0072_v1.0
Morsny1	Morchella_snyderi_DOB2414_v1.0
Copang1	Coprinellus_angulatus_DOB1924_v1.0
Rhodia1_1	Rhodosporidium_diobovatum_08-225_v1.0
Hygaur1	Hygrophoropsis_aurantiaca_ATCC_28755_v1.0
Lopnit1_1	Lophodermium_nitens_PLMe3-1-3_v1.0
Conioc1	Coniochaeta_sp._2T2.1_v1.0
Meltu1	Melanops_tulasnei_CBS_116805_v1.0
Fenfe1	Fenestella_fenestrata_ATCC_66461_v1.0
Suicli1	Suillus_clintonianus_FC179_v1.0
Suiamp1	Suillus_ampliporus_FC55_v1.0
Rhivul1	Rhizopogon_vulgaris_FC72_v1.0
Rhitru1	Rhizopogon_truncatus_FC74_v1.0
Zoorad1	Zoophthora_radicans_ATCC_208865_v1.0
Slopil1	Slooffia_pilatii_Y-17178_v1.0
Botmuc1	Botryozyma_mucatilis_CBS_9042_v1.0
Triarc1	Triparticalcar_arcticum_BR59_v1.0
Fusso1	Fusarium_solani_FSSC_5_v1.0
Fuseq1	Fusarium_sp._FIESC_12_v1.0
Hyacur1	Hyaloraphidium_curvatum_SAG235-1_v1.0
Powhir1	Powellomyces_hirtus_BR81_v1.0
Halrad1	Halteromyces_radiatus_CBS_162.75_v1.0
Daces1	Dactylonectria_estremocensis_MPI-CAGE-AT-0021_v1.0
Neucr4830_1	Neurospora_crassa_clade_B_FGSC_4830_v1.0
Blugr2	Blumeria_graminis_f._sp._hordei_DH14
BlugrR1_1	Blumeria_graminis_f._sp._hordei_Race1
Suisu1	Suillus_subalutaceus_FC151_v1.0
Mycalb1	Mycena_albidolilacea_CBHHK002_v1.0
Rusoch1	Russula_ochroleuca_P?ilba_v1.0
Fomro1	Fomitopsis_rosea_Sig1Fomros20-ss_v1.0
Uropr1	Urocystis_primulicola_RUB_030670_v1.0
Pheni1	Phellopilus_nigrolimitatus_SigPhenig9_v1.0
Denna1	Dendryphion_nanum_MPI-CAGE-CH-0243_v1.0
Phapo1	Phaeosphaeria_poagena_MPI-PUGE-AT-0046c_v1.0
Altro1	Alternaria_rosae_MPI-PUGE-AT-0040_v1.0
Macpha1	Macrophomina_phaseolina_MPI-SDFR-AT-0080_v1.0
Chafi1	Chaetomidium_fimeti_CBS_168.71_v1.0
LobpulAf1	Lobaria_pulmonaria_Africa_extracted_metagenome_v1.0
LobpulSc1	Lobaria_pulmonaria_Scotland_extracted_metagenome_v1.0
LobpulSp1	Lobaria_pulmonaria_Spain_extracted_metagenome_v1.0
LobpulSw1	Lobaria_pulmonaria_Switzerland_extracted_metagenome_v1.0
Golci1	Golovinomyces_cichoracearum_UCSC1_v1.0
Pezech1	Peziza_echinospora_DOB1120_v1.0
Tripra1	Tricharina_praecox_DOB2270_v1.0
Phohig1	Pholiota_highlandensis_v1.0
Mormin1_1	Mortierella_minutissima_AD051_v1.0
Clapol1_1	Cladochytrium_polystomum_WB228_v1.0
Coemoj1	Coemansia_mojavensis_RSA_71_v1.0
Morel_U14_1	Mortierella_elongata_MPI-CAGE-AA-0104_v1.0
Pheign1_1	Phellinus_igniarius_CCBS_575_v1.0
Herpot1_1	Herpotrichia_sp._AK1299_v1.0
Bombar1	Lasiosphaeriaceae_sp._AZ0830_v1.0
Lepor2	Leptodontidium_orchidicola_MPI-SDFR-AT-0119_v2.0
Phimu1	Leotiomycetes_sp._MPI-SDFR-AT-0126_v1.0
Psicub1_1	Psilocybe_cubensis_v1.0
Boeex1	Boeremia_exigua_MPI-SDFR-AT-0100_v1.0
Rhesp1	Rhexocercosporidium_sp._MPI-PUGE-AT-0058_v1.0
Caecom1	Caecomyces_churrovis_A_v1.0
Bysni1	Paecilomyces_niveus_CO7_v1.0
Talabor1	Talaromyces_borbonicus_CBS_141340_
Mycflo1	Mycena_floridula_CBHHK072_v1.0
Mycami1	Mycena_amicta_BAPX_v1.0
Mycreb1	Mycena_rebaudengoi_CBHHK068_v1.0
Mycfil1	Mycena_filopes_CBHHK001_v1.0
Suicot1	Suillus_cothurnatus_VC_1858_v1.0
Lenafn1	Lentinula_afn._lateritia_sp2_HRB7682_ss15_v1.0
Lenedo1	Lentinula_edodes_Le(Bin)_0899_ss11_v1.0
Lenrap1	Lentinula_raphanica_INPA1701G_ss19_v1.0
Lenlat1	Lentinula_lateritia_RHP3577_ss4_v1.0
Plecuc1	Plectosphaerella_cucumerina_RP01_v1.0
Gelte1	Gelasinospora_tetrasperma_v1.0
Sorbr1	Sordaria_brevicollis_FGSC1904_v1.0
Cersc1	Cercophora_scortea_SMH4131-1_v1.0
Aspsc1	Aspergillus_sclerotiorum_CBS_549.65_v1.0
Aspung1	Aspergillus_unguis_CBS132.55_v1.0
Aspres1	Aspergillus_restrictus_CBS_118.33_v1.0
Asptr1	Aspergillus_triticus_CBS266.81_v1.0
Aspven1	Aspergillus_venezuelensis_CBS_868.97_v1.0
Aspne1	Aspergillus_neoechinulatus_CBS120.55_v1.0
Aspamy1	Aspergillus_amylovorus_CBS_600.67_v1.0
Aspwel1	Aspergillus_welwitschiae_CBS139.54b_v1.0
Aspros1	Aspergillus_roseoglobulosus_CBS112800_v1.0
Aspneoa1	Aspergillus_neoauricomus_CBS112787_v1.0
Aspinso1	Aspergillus_insolitus_CBS_384.61_v1.0
Aspchev1	Aspergillus_chevalieri_CBS_522.65_v1.0
Aspbisp1	Aspergillus_bisporus_CBS_707.71_v1.0
Aspparv1	Aspergillus_parvulus_CBS_136.61_v1.0
Aspstec1_1	Aspergillus_stercoraria_CBS_428.93_v1.0
Aspfili1	Aspergillus_filifera_CBS_114510_v1.0
Aspbrev1	Aspergillus_brevijanus_CBS_111.46_v1.0
Asppeni1	Aspergillus_penicilloides_CBS_540.65_v1.0
Aspmul1_1	Aspergillus_multicolor_v1.0
Aspoli1_1	Aspergillus_olivicola_v1.0
Aspdese1	Aspergillus_desertorum_CBS_653.73_v1.0
Aspund1_1	Aspergillus_undulatus_CBS_261.88_v1.0
Aspfuni1	Aspergillus_funiculosus_CBS_116.56_v1.0
Asprec1_1	Aspergillus_recurvatus_v1.0
Asprobu1	Aspergillus_robustus_CBS_428.77_v1.0
Aspstel1_1	Aspergillus_stella-maris_CBS_113639_v1.0
Aspacri1	Aspergillus_acristatulus_CBS_119.55_v1.0
Aspind2_1	Aspergillus_indicus_v2.0
Crafun1	Crassisporium_funariophilum_DOB1098_v1.0
Abobi1	Abortiporus_biennis_CCBS_521_v1.0
Pipbet1_1	Fomitopsis_betulina_CIRM-BRFM_1772_v1.1
Amylap1_1	Amylocystis_lapponica_SKaAmylap13_v1.0
Rozal_SC1	Rozella_allomycis_CSF55_single-cell_v1.0
Blyhe1	Blyttiomyces_helicus_single-cell_v1.0
Thasp1	Thamnocephalis_sphaerospora_RSA_1356_single-cell_v1.0
Metbi_SCcomb	Metschnikowia_bicuspidata_single-cell_v1.0
Caupr1	Caulochytrium_protostelioides_ATCC_52028_v1.0
DimcrSC1	Dimargaris_cristalligena_RSA_468_single-cell_v1.0
Pipcy3_1	Piptocephalis_cylindrospora_RSA_2659_single-cell_v3.0
Caupr_SCcomb	Caulochytrium_protostelioides_ATCC_52028_single-cell_v1.0
Synps1	Syncephalis_pseudoplumigaleata_Benny_S71-1_single-cell_v1.0
Podans1	Podospora_anserina_mat+_v1.0
Earsca1	Earliella_scabrosa_CIRM-BRFM_1817_v1.0
Fomros1	Rhodofomes_roseus_CIRM-BRFM_1785_v1.0
Obemuc1	Obelidium_mucronatum_JEL802_v1.0
Aspcand1	Aspergillus_candidus_CBS_102.13_v1.0
Asptaic1	Aspergillus_taichungensis_IBT_19404_v1.0
Exomac1	Exobasidium_maculosum_A7-4_v1.0
Umbisa1	Umbelopsis_isabellina_AD026_v1.0
Serend1	Serendipita_sp._407_v1.0
Crypto1	Cryptodiaporthe_sp._AZ0812_v1.0
Cytch1	Cytospora_chrysosperma_CFL2056_v1.0
Mycsan1	Mycena_sanguinolenta_CBHHK176m_v1.0
Mycvit1	Mycena_vitilis_CBHHK169m_v1.0
Mycale1	Mycena_alexandri_CBHHK200_v1.0
Myccro1	Mycena_crocata_CBHHK184_v1.0
Mycbel1	Mycena_belliae_CBHHK173m_v1.0
Ustma2_2	Ustilago_maydis_521_v2.0
Olipa1	Oliveonia_pauxilla_MPI-PUGE-AT-0066_v1.0
Paevar1	Paecilomyces_variotii_CBS_101075_v1.0
Penswi1	Penicillium_swiecickii_182_6C1_v1.0
Parch1	Paraphoma_chrysanthemicola_MPI-GEGE-AT-0034_v1.0
Fusoxy1	Fusarium_oxysporum_MPI-SDFR-AT-0094_v1.0
Achstr1	Achaetomium_strumarium_CBS333.67_v1.0
Lasov1	Lasiosphaeria_ovina_CBS_958.72_v1.0
Poddi1	Podospora_didyma_CBS_232.78_v1.0
Apope1	Apodospora_peruviana_CBS_118394_v1.0
Trapol1	Trametes_polyzona_CIRM-BRFM_1798_v1.0
Trabet1	Trametes_betulina_CIRM-BRFM_1801_v1.0
Tramen1	Leiotrametes_menziesii_CIRM-BRFM_1781_v1.0
Neuhi1	Neurospora_hispaniola_FGSC_10403_v1.0
Mycepi1	Mycena_epipterygia_CBHHK145m_v1.0
Parsed1	Paraphysoderma_sedebokerense_JEL821_v1.0
Polsqu1	Polyporus_squamosus_CCBS_676_v1.0
Podan3	Podospora_anserina_S_mat+
Tramax1	Trametes_maxima_CIRM-BRFM_1813_v1.0
Settur3	Setosphaeria_turcica_NY001_v2.0
Settu3	Setosphaeria_turcica_Et28A_v2.0
Suisub1	Suillus_subaureus_MN1_v1.0
Tulcal1	Tulasnella_calospora_UAMH_9824_v1.0
Cercau1	Cercophora_caudata_CBS_606.72_v1.0
Apibac1	Apiosordaria_backusii_CBS_540.89_v1.0
Cernew1	Cercophora_newfieldiana_SMH2532-1_v1.0
Lashir1	Lasiosphaeris_hirsuta_SMH4607-1_v1.0
Pucstr1	Puccinia_striiformis_f._sp._tritici_104_E137_A-
RhiirB3	Rhizophagus_irregularis_B3_v1.0
RhiirA5	Rhizophagus_irregularis_A5_v1.0
RhiirA4	Rhizophagus_irregularis_A4_v1.0
RhiirC2	Rhizophagus_irregularis_C2_v1.0
RhiirA1_1	Rhizophagus_irregularis_A1_v1.0
Rhiir2_1	Rhizophagus_irregularis_DAOM_197198_v2.0
Blugra1	Blumeria_graminis_f._sp._tritici_96224
Pseudest1	Pseudogymnoascus_destructans_20631-21
Penita1	Penicillium_italicum_PHI-1
Trigam1	Trichoderma_gamsii_T6085
Pocchl1	Pochonia_chlamydosporia_170
Ilyeu1	Ilyonectria_europaea_MPI-CAGE-AT-0026_v1.0
Altalt1	Alternaria_alternata_MPI-PUGE-AT-0064_v1.0
Erynec1	Erysiphe_necator_c
Monili2	Moniliella_sp._MCA_3643_v1.0
Phiatt1	Phialophora_attae_CBS_131958
Suitom1	Suillus_tomentosus_FC115_v1.0
Tralac1	Leiotrametes_lactinea_CIRM-BRFM_1664_v1.0
Tramey1	Trametes_meyenii_CIRM-BRFM_1810_v1.0
Hexnit1	Hexagonia_nitida_CIRM-BRFM_1802_v1.0
Fomfom1	Fomes_fomentarius_CIRM-BRFM_1821_v1.0
Abobie1	Abortiporus_biennis_CIRM-BRFM1778_v1.0
Amycha1	Amylostereum_chailletii_DWAch2_v1.0
Penant1	Penicillium_antarcticum_IBT_31811
Penste1	Penicillium_steckii_IBT_24891
Hompol1	Homolaphlyctis_polyrhiza_JEL142_v1.0
PuccoNC29_1	Puccinia_coronata_avenae_12NC29
PuccoSD80_1	Puccinia_coronata_avenae_12SD80
Schves1	Schizothecium_vesticola_SMH3187-1_v1.0
Bombom1	Bombardia_bombarda_SMH3391-2_v1.0
Lasmin1	Lasiosphaeria_miniovina_SMH2392-1A_v1.0
Sakvas1	Saksenaea_vasiformis_B4078
Penfla1	Penicillium_flavigenum_IBT_14082
Nakbac1	Nakaseomyces_bacillisporus_CBS_7720
Thelan1	Thermomyces_lanuginosus_SSBP
Nakdel1	Nakaseomyces_delphensis_CBS_2170
Tolinf1	Tolypocladium_inflatum_NRRL_8044
Clasph1	Cladosporium_sphaerospermum_UM_843
Armosto1	Armillaria_ostoyae_C18/9
Armcep1	Armillaria_cepistipes_B5
Zancul2	Zancudomyces_culisetae_COL-18-3
Smimuc2	Smittium_mucronatum_ALG-7-W6
SmicuMNP_2	Smittium_culicis_GSMNP
SmiculW2_1	Smittium_culicis_ID-206-W2
Morhum1	Mortierella_humilis_PMI_1414_v1.0
Myc59_1	Mycena_sp._CBHHK59/15_v1.0
Truan1	Truncatella_angustata_MPI-SDFR-AT-0073_v1.0
PhaeoFL0889_1	Phaeoacremonium_sp._FL0889_v1.0
Fusre1	Fusarium_redolens_MPI-CAGE-AT-0023_v1.0
Pyrly1	Pyrenochaeta_lycopersici_MPI-SDFR-AT-0127_v1.0
Tillet1	Tilletiopsis_sp._TKC30_v1.0
Spoumb1	Sporodiniella_umbellata_MES_1446_v1.0
Moeaph1	Moesziomyces_aphidis_DSM_70725
Pendec1	Penicillium_decumbens_IBT_11843
Pensol1	Penicillium_solitum_IBT_29525
Ustvir1	Ustilaginoidea_virens
Penvul1	Penicillium_vulpinum_IBT_29486
Pencop1	Penicillium_coprophilum_IBT_31321
Pennal1	Penicillium_nalgiovense_FM193
Suilu4	Suillus_luteus_UH-Slu-Lm8-n1_v3.0
Trias8904	Trichosporon_asahii_var._asahii_CBS_8904
Trias2479	Trichosporon_asahii_var._asahii_CBS_2479
Penpol1	Penicillium_polonicum_IBT_4502
Zymbr1	Zymoseptoria_brevis_Zb18110
Neodi1	Neonectria_ditissima_R09/05
Stely1	Stemphylium_lycopersici_CIDEFI-216
Pengri1	Penicillium_griseofulvum_PG3
Colto1	Colletotrichum_tofieldiae_0861
Byssp1	Byssochlamys_spectabilis_No._5
Fonnu1	Fonsecaea_nubica_CBS_269.64
Fonmo1	Fonsecaea_monophora_CBS_269.37
Aspbom1	Aspergillus_bombycis_NRRL_26010
MorGBAus27b_1	Mortierella_sp._GBAus27b_v1.0
Stael1	Stachybotrys_elegans_MPI-CAGE-CH-0235_v1.0
Neoirr1	Neolecta_irregularis_DAH-1_v1.0
Horwer1	Hortaea_werneckii_EXF-2000_M0_v1.0
Aspcri1	Aspergillus_cristatus_GZAAS20.1005
Pendig1	Penicillium_digitatum_Pd1
Antser1	Antrodia_serialis_Sig1Antser10_v1.0
Vuico1	Vuilleminia_comedens_VcCUCC2015_SSI3_v1.0
Phefer1	Phellinus_ferrugineofuscus_SpK3Phefer14_v1.0
Mychet1	Myceliophthora_heterothallica_CBS_202.75_v1.0
Thacu1	Thanatephorus_cucumeris_MPI-SDFR-AT-0096_v1.0
Phycpc1	Phyllosticta_sp._CPC_27913_v1.0
Mictri1	Microdochium_trichocladiopsis_MPI-CAGE-CH-0230_v1.0
Phy27169	Phyllosticta_paracitricarpa_CBS_141357_v1.0
PnitS609_1	Phycomyces_nitens_S609_v1.0
Rhoto_IFO0880_4	Rhodosporidium_toruloides_IFO0880_v4.0
PnitS607_1	Phycomyces_nitens_S607_v1.0
PnitS608_1	Phycomyces_nitens_S608_v1.0
Dicele1	Dichotomocladium_elegans_RSA_919-_v1.0
Mycros1	Mycena_rosella_CBHHK067_v1.0
Rusvin1	Russula_vinacea_BPL710_v1.0
Greab1	Gremmeniella_abietina_DAOM_170408_v1.0
Colac2	Colletotrichum_acutatum_CBS_112980_v2.0
Aspnom13137_1	Aspergillus_nomius_NRRL_13137
Aspcal1	Aspergillus_calidoustus
Aspuda1	Aspergillus_udagawae_IFM_46973
Sclsan1	Sclerophora_sanguinea_CBS100924_v1.0
Phycitr1	Phyllosticta_citricarpa_CBS_127454_v1.0
Colna1	Colletotrichum_navitas_CBS125086_v1.0
Didsa1	Didymocrea_sadasivanii_CBS_438.65_v1.0
Coespi1	Coemansia_spiralis_RSA_1278_v1.0
Kicala1	Kickxella_alabastrina_RSA_675_v1.0
Pilumb1	Pilobolus_umbonatus_NRRL_6349_v1.0
Mychae1	Mycena_haematopus_CBHHK189_v1.0
Rigmic1	Rigidoporus_microporus_ED310_v1.0
Alikh1	Aliquandostipite_khaoyaiensis_CBS_118232_v1.0
Ophnu1	Ophiostoma_novo-ulmi_subsp._novo-ulmi_H327
Rhives1	Rhizopogon_vesiculosus_Smith
Usthor1	Ustilago_hordei_Uh4857_4
Phycap1	Phyllosticta_capitalensis_CBS_128856_v1.0
Yarlip1	Yarrowia_lipolytica_FKP355_v1.0
LecAK0013_1	Lecythophora_sp._AK0013_v1.0
Muloch1	Multifurca_ochricompacta_BPL690_v1.0
Ruscom1	Russula_compacta_BPL669_v1.0
Tercla1	Terfezia_claveryi_T7_v1.0
Lacsub1	Lactifluus_subvellereus_BPL653_v1.0
Mycrub1	Mycena_capillaripes_Frankland_9286_v1.0
Lobpul1	Lobaria_pulmonaria_Scotland_reference_genome_v1.0
Panpap1	Panaeolus_papilionaceus_CIRM-BRFM_715_v1.0
Vuicom1	Vuilleminia_comedens_VcCUCC2015_SSI6_v1.0
Pyccin1	Pycnoporus_cinnabarinus_CIRM-BRFM_50_v1.0
Clabul1	Cladorrhinum_bulbillosum_DJ3_v1.0
Phcitr1	Phyllosticta_citrichinaensis_CBS_130529_v1.0
Cytmel1	Cytidiella_melzeri_FP_102339_v1.0
Bissp1	Bisporella_sp._PMI_857_v1.0
Cunech1	Cunninghamella_echinulata_NRRL_1382_v1.0
Cokrec1	Cokeromyces_recurvatus_NRRL_2243_v1.0
Exoalc1_J33	Exophiala_alcalophila_J33_v1.0
Pilano1	Pilaira_anomala_RSA1997_v1.0
Rhoglu1	Rhodotorula_glutinis_v1.0
RhodotJ31_1	Rhodotorula_sp._J31_v1.0
Rhoto_ATCC26217_1	Rhodosporidium_toruloides_ATCC26217_v1.0
Rhomuc1	Rhodotorula_mucilaginosa_ATCC58901_v1.0
Cirumb1	Circinella_umbellata_NRRL1351_v1.0
Exoalc1	Exophiala_alcalophila_ATCC_48519_v1.0
Fenlin1	Fennellomyces_sp._T-0311_v1.0
Chylag1	Chytridium_lagenaria_Arg66_v1.0
Irplac1	Irpex_lacteus_CCBAS_Fr._238_617/93_v1.0
Phcit1	Phyllosticta_citribraziliensis_CBS_100098_v1.0
Colhig2	Colletotrichum_higginsianum_IMI_349063
Colce1	Colletotrichum_cereale_CBS_129662_v1.0
Trihyb1	Trichophaea_hybrida_UTF0779_v1.0
Synfus1	Syncephalis_fuscata_S228_v1.0
Clibor1	Climacocystis_borealis_CliBor001_v1.0
Gilper1	Gilbertella_persicaria_var._persicaria_CBS_190.32-T_v1.0
Pilidi1	Coniella_lustricola_B22-T-1_v1.0
Cligib1	Clitocybe_gibba_IJFM_A808_v1.0
Enthel1	Entophlyctis_helioformis_JEL805_v1.0
Radspe1	Radiomyces_spectabilis_NRRL_2753_v1.0
Spifus1	Spinellus_fusiger_NRRL_22323_v1.0
Pensub1	Penicillium_subrubescens_FBCC1632_/_CBS132785
EndpusZ1	Endocarpon_pusillum_Z07020
Aspuva1	Aspergillus_uvarum_CBS_121591_v1.0
Asphom1	Aspergillus_homomorphus_CBS_101889_v1.0
Aspfij1	Aspergillus_fijiensis_CBS_313.89_v1.0
Aspibe1	Aspergillus_ibericus_CBS_121593_v1.0
Aspacu1	Aspergillus_aculeatinus_CBS_121060_v1.0
Aspvad1	Aspergillus_vadensis_CBS_113365_v1.0
Aspvio1	Aspergillus_violaceofuscus_CBS_115571_v1.0
Aspeuc1	Aspergillus_eucalypticola_CBS_122712_v1.0
Asphet1	Aspergillus_heteromorphus_CBS_117.55_v1.0
Lacvol1	Lactifluus_volemus_BPL652_v1.0
Aspcos1	Aspergillus_costaricaensis_CBS_115574_v1.0
Rusbre1	Russula_brevipes_BPL707_v1.0
Aspscle1	Aspergillus_sclerotiicarbonarius_CBS_121057_v1.0
XylPMI506	Xylariales_sp._PMI_506_v1.0
Aspbru1	Aspergillus_brunneoviolaceus_CBS_621.78_v1.0
Aspscl1	Aspergillus_sclerotioniger_CBS115572_v1.0
Talpro1	Talaromyces_proteolyticus_PMI_201_v1.0
Aspjap1	Aspergillus_japonicus_CBS_114.51_v1.0
Aspneo1	Aspergillus_neoniger_CBS_115656_v1.0
Aspell1	Aspergillus_ellipticus_CBS_707.79_v1.0
Hymvar1	Hymenoscyphus_varicosporoides_PMI_453_v1.0
Aspsac1	Aspergillus_saccharolyticus_JOP_1030-1_v1.0
Tragib1	Trametes_gibbosa_CIRM-BRFM_1770_v1.0
Asppip1	Aspergillus_piperis_CBS_112811_v1.0
Aspind1	Aspergillus_indologenus_CBS_114.80_v1.0
Spalat1	Sparassis_latifolia_CCMJ1100_v1.0
Rusrug1	Russula_rugulosa_BPL654_v1.0
Crypo1	Cryptodiaporthe_populea_CFL2025_v1.0
Bisnum1	Biscogniauxia_nummularia_v1.0
Asplac1	Aspergillus_niger_(lacticoffeatus)_CBS_101883_v1.0
MarPMI226	Mariannaea_sp._PMI_226_v1.0
Ilyrob1	Ilyonectria_robusta_PMI_751_v1.0
Lycper1	Lycoperdon_perlatum_FP-102459-T_v1.0
Gymear1	Gymnopus_earleae_GB-263.02_v1.0
Entma1	Entoleuca_mammata_CFL468_v1.0
Cysmur1	Cystostereum_murrayi_CysMur001_v1.0
Gaesem1	Gaertneriomyces_semiglobifer_Barr_43_v1.0
Umbsp_AD052_1	Umbelopsis_sp._nov._AD052_v1.0
Chytri1	Chytriomyces_sp._MP_71_v1.0
Blabri1	Blastocladiella_britannica_v1.0
Synplu1	Syncephalis_plumigaleata_NRRL_S24_v1.0
Rusdis1	Russula_dissimulans_BPL704_v1.0
Glocon1	Gloeopeniophorella_convolvens_OM19405_v1.0
Cocba1	Coccodinium_bartschii_CBS_121709_v1.0
Masph1	Massariosphaeria_phaeospora_CBS_611.86_v1.0
Delst1	Delphinella_strobiligena_CBS_735.71_v1.0
Lodelo1	Lodderomyces_elongisporus_NRRL_YB-4239
Metro1	Metarhizium_robertsii_ARSEF_23
Micld1	Microbotryum_lychnidis-dioicae_p1A1_Lamole
Canalb1	Candida_albicans_SC5314
Color1	Colletotrichum_orchidophilum_IMI_309357
Ogapa1	Ogataea_parapolymorpha_DL-1
Morve1	Mortierella_verticillata_NRRL_6337
Parbra1	Paracoccidioides_brasiliensis_Pb18
Pursp1	Purpureocillium_sp._UdeA0106_v1.0
Mormul1	Mortierella_multidivaricata_RSA_2152_T_v1.0
Phaart1	Phascolomyces_articulosus_v1.0
Scysp1_1	Scytinostroma_sp._KUC9335_v1.0
Phoaln1	Pholiota_alnicola_AH_47727_v1.0
Kocim1	Kockovaella_imperatae_NRRL_Y-17943_v1.0
Auramp1	Auriculariopsis_ampla_NL-1724_v1.0
Lopnu1	Lophiotrema_nucula_CBS_627.86_v1.0
Mycgal1	Mycena_galopus_ATCC-62051_v1.0
Glopol1	Globomyces_pollinis-pini_Arg68_v1.0
Chlpad1	Absidia_padenii_NRRL_2977_v1.0
Kircor1	Mucor_cordense_RSA_1222_v1.0
Gonbut1	Gongronella_butleri_v1.0
Panst_LUM_1_1	Panellus_stipticus_LUM_v1.0
Wicdo1	Wickerhamiella_domercqiae_NRRL_Y-6692_v1.0
Meygui1	Meyerozyma_guilliermondii_ATCC_6260
Conap1	Coniosporium_apollinis_CBS_100218
Capse1	Capronia_semiimmersa_CBS27337
Claim1	Cladophialophora_immunda_CBS83496
Fonpe1	Fonsecaea_pedrosoi_CBS_271.37
Fonmu1	Fonsecaea_multimorphosa_CBS_102226
Capcor1	Capronia_coronata_CBS_617.96
Claca1	Cladophialophora_carrionii_CBS_160.54
Verga1	Verruconis_gallopava
Claba1	Cladophialophora_bantiana_CBS_173.52
Cypeu1	Cyphellophora_europaea_CBS_101466
Capep1	Capronia_epimyces_CBS_606.96
Claye1	Cladophialophora_yegresii_CBS_114405
Claps1	Cladophialophora_psammophila_CBS_110553
Exosp1	Exophiala_spinifera_CBS89968
Exosi1	Exophiala_sideris_CBS121828
Exool1	Exophiala_oligosperma_CBS72588
Exoxe1	Exophiala_xenobiotica_CBS118157
Exome1	Exophiala_mesophila_CBS40295
Exoaq1	Exophiala_aquamarina_CBS_119918
Colph1	Colletotrichum_phormii_CBS102054_v1.0
Exode1	Exophiala_dermatitidis_UT8656
Kurca1	Kuraishia_capsulata_CBS_1993
Gymjun1	Gymnopilus_junonius_AH_44721_v1.0
Porchr1	Porodaedalea_chrysoloma_FP-135951_v1.0
Zycmex1	Zychaea_mexicana_RSA_1403_v1.0
Catan2	Catenaria_anguillulae_PL171_v2.0
Neosp1	Neocallimastix_californiae_G1_v1.0
Anasp1	Anaeromyces_robustus_v1.0
Pirfi3	Piromyces_finnis_v3.0
HypEC38_3	Hypoxylon_sp._EC38_v3.0
Cyastr2	Cyathus_striatus_AH_40144_v1.0
Liccor1	Lichtheimia_corymbifera_JMRC:FSU:9682
Tubbor1	Tuber_borchii_Tbo3840_v1.0
Oudmuc1	Oudemansiella_mucida_CBS_558.79_v1.0
Xenvag1	Xenasmatella_vaga_CBS212.54_v1.0
Mycafr1	Mycotypha_africana_NRRL_2978_v1.0
Zyghet1	Mucor_heterogamus_NRRL_1489_v1.0
Sclhys1_1	Sclerogaster_hysterangioides_SCL2.BST_v1.0
Lacqui1	Lactarius_quietus_S23C_v1.0
Bolvit1	Bolbitius_vitellinus_SZMC-NL-1974_v1.0
Pornie1_2	Porodaedalea_niemelaei_PN71-100-IP13_v1.0
Hydfim1	Hydnopolyporus_fimbriatus_CBS384.51_v1.0
Anobom1	Anomoporia_bombycina_ATCC_64506_v1.0
Xylhyp1	Xylaria_hypoxylon_OSC100004_v1.0
Gaumor1_1	Gautieria_morchelliformis_GMNE.BST_v1.0
Ricfib1	Rickenella_fibula_HBK330-10_v1.0
Sirint1	Sirobasidium_intermedium_CBS7805_v1.0
Cercer1	Cerinomyces_ceraceus_ATCC_56525_v1.0
Mrafri1	Mrakia_frigida_ATCC_22029_v1.0
Sugame1	Sugiyamaella_americana_NRRL_YB-2067_v1.0
Melap1finSC_191	Melampsora_allii-populina_12AY07_v1.0
Spipu1	Spizellomyces_punctatus_DAOM_BR117
Allma1	Allomyces_macrogynus_ATCC_38327
Puctr1	Puccinia_triticina_1-1_BBBD_Race_1
Blade1	Blastomyces_dermatitidis_SLH14081
Chicu1	Chionosphaera_cuniculicola_CBS10063__v1.0
Collu1	Colletotrichum_lupini_CBS_109225_v1.0
Mellp2_3	Melampsora_larici-populina_v2.0
Thest1	Thelebolus_stercoreus
Calor1	Caliciopsis_orientalis
Proin1	Protomyces_inouyei
Spafl1	Spathularia_flavida
Pseel1	Pseudographis_elatina
Calpu1	Calosphaeria_pulchella
Ophpi1	Ophiostoma_piliferum
Usnflo1	Usnea_florida_ATCC18376_v1.0
Clalu1_2	Clavispora_lusitaniae_ATCC_42720
Rhobut1_1	Rhodocollybia_butyracea_AH_40177_v1.0
Melen1	Melanotaenium_endogenum_CBS481.91_v1.0
Colgo1	Colletotrichum_godetiae_CBS_193.32_v1.0
Calful1	Caloscypha_fulgens_ATCC_42695_v1.0
Plemel1	Plectania_melastoma_CBS_918.72_v1.0
Gyresc1	Gyromitra_esculenta_CBS101906_v1.0
Felpe1	Fellomyces_penicillatus_Phaff54-35_v1.0
Horac1	Hortaea_acidophila_CBS_113389_v1.0
Linrh1	Lineolata_rhizophorae_ATCC_16933_v1.0
Khuory1	Khuskia_oryzae_ATCC_28132_v1.0
Lobtra1	Lobosporangium_transversale_NRRL_3116_v1.0
Blatri1	Blakeslea_trispora_NRRL_2456_v1.0
Bulin1	Bulgaria_inquinans_CBS118.31_v1.0
Lorma1	Loramyces_macrosporus_CBS235.53_v1.0
Pseve2	Pseudomassariella_vexata_CBS_129021_v1.0
PhaPMI808	Phaeosphaeriaceae_sp._PMI_808_v1.0
Cananz1	Cantharellus_anzutake_C23_v1.0
Pycpun1	Pycnoporus_puniceus_CIRM-BRFM_1868_v1.0
Aciaci1	Acidothrix_acidophila_CBS_136259_v1.0
Triasp1	Trichoderma_asperellum_TR356_v1.0
Trihar1	Trichoderma_harzianum_TR274_v1.0
Artele1122_1	Artolenzites_elegans_CIRM-BRFM_1122_v1.0
Synrac1	Syncephalastrum_racemosum_NRRL_2496_v1.0
Varmin1	Vararia_minispora_EC-137_v1.0
Hymrad1	Hymenopellis_radicata_IJFM_A160_v1.0
Cloaq1	Clohesyomyces_aquaticus_v1.0
Cryte1	Cryptococcus_terricola_JCM_24523_v1.0
Thaele1	Thamnidium_elegans_v1.0
Parpar1	Parasitella_parasitica_v1.0
Tilalb1	Tilletiopsis_albescens_v1.0
Absrep1	Absidia_repens_NRRL_1336_v1.0
Trigue1	Trichosporon_guehoae_v1.0
Colsa1	Colletotrichum_salicis_CBS607.94
Colsi1	Colletotrichum_simmondsii_CBS122122
Colny1	Colletotrichum_nymphaeae_SA-01
Spola1	Sporopachydermia_lactativora_Phaff_68-199_v1.0
Suipic1	Suillus_pictus_EM44_v1.0
Leucr1	Leucosporidiella_creatinivora_62-1032_v1.0
Spopa1	Sporidiobolus_pararoseus_Phaff_68-350_v1.0
Crywi1	Cryptococcus_wieringae_v1.0
Treen1	Naematella_encephela_UCDFST_68-887.2_v1.0
Prola1	Protomyces_lactucaedebilis_12-1054_v1.0
Ampqui1	Ampelomyces_quisqualis_HMLAC05119_v1.0
Rhoto_IFO0880_2	Rhodosporidium_toruloides_IFO0880_v2.0
Crycu1	Cryptococcus_curvatus_ATCC_20509_v1.0
Colfi1	Colletotrichum_fioriniae_PJ7
Phocon1	Pholiota_conissans_CIRM-BRFM_674_v1.0
Agrped1	Agrocybe_pediades_AH_40210_v1.0
Rhihy1	Rhizoclosmatium_globosum_JEL800_v1.0
Podcur1	Podospora_curvicolla_TEP21a_v1.0
Dicsqu464_1	Dichomitus_squalens_CBS464.89_v1.0
Dicsqu18370_1	Dichomitus_squalens_OM18370.1_v1.0
Conol1	Coniophora_olivacea_MUCL_20566_v1.0
Cocst1	Coccomyces_strobi_CBS_202.91_v1.0
Dicsqu463_1	Dichomitus_squalens_CBS463.89_v1.0
Elsamp1	Elsinoe_ampelina_CECT_20119_v1.0
Ricmel1	Rickenella_mellea_v1.0_(SZMC22713)
Morel2	Mortierella_elongata_AG-77_v2.0
Didma1	Didymella_zeae-maydis_3018
Crula1	Crucibulum_laeve_CBS_166.37_v1.0
Paxru2	Paxillus_adelphus_Ve08.2h10_v2.0
Ptegra1	Pterula_gracilis_CBS309.79_v1.0
Penth1	Penicillium_thymicola_DAOMC_180753_v1.0
Fibin1	Fibulobasidium_inconspicuum_Phaff89-39_v1.0
Kalpfe1	Kalaharituber_pfeilii_F3_v1.0
Suiame1	Suillus_americanus_EM31_v1.0
Crevar1	Crepidotus_variabilis_CBS_506.95_v1.0
Lepnud1	Lepista_nuda_CBS_247.69_v1.0
Copscl1	Coprinopsis_sclerotiger_v1.0
Coppel1	Coprinellus_pellucidus_v1.0
Leptod1	Leptodontium_sp._PMI_412_v1.0
Copmar1	Coprinopsis_marcescibilis_CBS121175_v1.0
Plucer1	Pluteus_cervinus_NL-1719_v1.0
Artfe1_2	Arthroascus_fermentans_17710_v1.0
Micbo1	Microdochium_bolleyi_J235TASD1_v1.0
Zyghe1_2	Zygoascus_hellenicus_Y-7136_v1.0
Densp1	Dentipellis_sp._KUC8613_v1.0
Suibr2	Suillus_brevipes_Sb2_v2.0
Copmic2	Coprinellus_micaceus_FP101781_v2.0
Rhoto_IFO0559_1	Rhodosporidium_toruloides_IFO0559_1
Linpe1	Linderina_pennispora_ATCC_12442_v1.0
Armost1	Armillaria_solidipes_28-4_v1.0
Basme2finSC	Basidiobolus_meristosporus_CBS_931.73_v1.0
Suidec1	Suillus_decipiens_EM49_v1.0
Lacam2	Laccaria_amethystina_LaAM-08-1_v2.0
Sebvebe1	Serendipita_vermifera_ssp._bescii_NFPB0129_v1.0
Phach1	Phaeomoniella_chlamydospora_UCRPC4
Dipse1	Diplodia_seriata_DS831
Diaam1	Diaporthe_ampelina_UCDDA912
Morimp1	Morchella_importuna_SCYDJ1-A1_v1.0
Helsul1	Heliocybe_sulcata_OMC1185_v1.0
Lenvul1	Lentinellus_vulpinus_AHS73672-sp_v1.0
Mereb1	Meredithblackwellia_eburnea_MCA_4105_v1.0
Naose1	Naohidea_sebacea_CBS_8477_(P95)_v1.0
Pleery1	Pleurotus_eryngii_ATCC_90797_v1.0
Micmi1	Microthyrium_microscopicum_CBS_115976_v1.0
Pucgr2	Puccinia_graminis_f._sp._tritici_v2.0
Lizem1	Lizonia_empirigonia_CBS_542.76_v1.0
Fusox2	Fusarium_oxysporum_f._sp._lycopersici_4287_v2
Fusve2	Fusarium_verticillioides_7600_v2
Magpo1	Magnaporthiopsis_poae_ATCC_64411
Suigr1	Suillus_granulatus_EM37_v1.0
CerAGI	Ceratobasidium_sp._(anastomosis_group_I,_AG-I)_v1.0
Rhimi_ATCC11559_1	Rhizopus_microsporus_ATCC11559_v1.0
Rutfi1	Rutstroemia_firma_CBS_115.86_v1.0
Trace1	Trametopsis_cervina_CIRM-BRFM_1824_v1.0
Corma2	Corollospora_maritima_CBS_119819_v2.0
Colca1	Colletotrichum_caudatum_CBS131602_v1.0
Setho1	Setomelanomma_holmii_CBS_110217_v1.0
Plecu1	Plectosphaerella_cucumerina_DS2psM2a2_v1.0
Melti1	Melanospora_tiffanyae_F1KG0001_v1.0
Torra1	Torpedospora_radiata_JK5252C_v1.0
Myche1	Myceliophthora_heterothallica_CBS_203.75_v1.0
Rhili1	Rhizodiscina_lignyota_CBS_133067_v1.0
Decga1	Decorospora_gaudefroyi_v1.0
Polbr1	Polyporus_brumalis_BRFM_1820_v1.0
Lopni1	Peniophora_sp._CONTA_v1.0
Lolmi1	Lollipopaia_minuta_P26;_CBS_116597_v1.0
Onnsc1	Onnia_scaura_P-53A_v1.0
Paxam1	Paxillus_ammoniavirescens_Pou09.2_v1.0
Suihi1	Suillus_hirtellus_EM16_v1.0
Sepsp1	Septobasidium_sp._PNB30-8B_v1.0
Thega1	Thelephora_ganbajun_P2_v1.0
Xerba1	Xerocomus_badius_84.06_v1.0
Hydru2	Hydnum_rufescens_UP504_v2.0
Hyabl1	Hyalopycnis_blepharistoma_ATCC_48560_v1.0
Symat1	Sympodiomyces_attinorum_NRRL_Y-27639_v1.0
Cersp1	Ceraceosorus_guamensis_MCA_4658_v1.0
Acain1	Acaromyces_ingoldii_MCA_4198_v1.0
Rhimi_ATCC52814_1	Rhizopus_microsporus_var._microsporus_ATCC52814_v1.0
Acema1	Acephala_macrosclerotiorum_EW76-UTF0540_v1.0
Mutel1	Mutinus_elegans_ME.BST_v1.0
Cloro1	Clonostachys_rosea_CBS125111_v1.0
Sarco1	Sarcoscypha_coccinea_ATCC_58028_v1.0
Traci1	Trametes_cingulata_BRFM_1805_v1.0
Venpi1	Venturia_pirina
Basun1	Basidioascus_undulatus
Phisc1	Phialocephala_scopiformis_5WS22E1_v1.0
Lorju1	Loramyces_juncicola_46458_v1.0
Chiap1	Chionosphaera_apobasidialis_52639_v1.0
Trich1	Trichosporon_chiarellii_MYA-4694_v1.0
Bimnz1	Bimuria_novae-zelandiae_CBS_107.79_v1.0
Ashgo1_1	Eremothecium_gossypii_ATCC_10895
Melli1	Melampsora_lini_CH5
Tripe1	Trichomonascus_petasosporus_NRRL_YB-2093_v1.0
Themi1	Thelebolus_microsporus_ATCC_90970_v1.0
Colsu1	Colletotrichum_sublineola_CBS_131301_v1.0
Parsp1	Paraconiothyrium_sporulosum_AP3s5-JAC2a_v1.0
Colzo1	Colletotrichum_zoysiae_MAFF235873_v1.0
Colso1	Colletotrichum_somersetensis_CBS_131599_v1.0
Pyrsp1	Pyrenochaeta_sp._DS3sAY3a_v1.0
Coler1	Colletotrichum_eremochloae_CBS129661_v1.0
Erebi1	Eremomyces_bilateralis_CBS_781.70_v1.0
Mytre1	Mytilinidion_resinicola_CBS_304.34_v1.0
Colfa1	Colletotrichum_falcatum_MAFF306170_v1.0
Cepfr1_1	Cephaloascus_fragrans_12-1022_v1.0
Arxad1	Blastobotrys_(Arxula)_adeninivorans
Rhodsp1	Pseudomicrostroma_glucosiphilum_gen_et_sp._nov._MCA_4718_v1.0
Cepal1_1	Cephaloascus_albidus_ATCC_66658_v1.0
Glost2	Glonium_stellatum_CBS_207.34_v1.0
Xanpa2	Xanthoria_parietina_46-1-SA22_v1.1
Kazaf1	Kazachstania_africana_CBS_2517
Torde1	Torulaspora_delbrueckii_CBS_1146
Zygro1	Zygosaccharomyces_rouxii_CBS732
Rhoto1	Rhodosporidium_toruloides_NP11
Trigu1	Trinosporium_guianense_CBS132537_v1.0
Ustsp1	Violaceomyces_palustris_SA_807_v1.0
Marfi1	Marasmius_fiardii_PR-910_v1.0
Meimi1	Meira_miltonrushii_MCA_3882_v1.0
Jamsp1	Jaminaea_sp._MCA_5214_v1.0
Ascni1	Ascodesmis_nigricans_CBS_389.68_v1.0
Tilwa1	Tilletiopsis_washingtonensis_MCA_4186_v1.0
Tescy1	Testicularia_cyperi_MCA_3645_v1.0
Panru1	Panus_rudis_PR-1116_ss-1_v1.0
Terbo2	Terfezia_boudieri_ATCC_MYA-4762_v1.1
Perma1	Periconia_macrospinosa_DSE2036_v1.0
Rhyru1_1	Rhytidhysteron_rufulum
Hyspu1_1	Hysterium_pulicare
Botdo1_1	Botryosphaeria_dothidea
Stagr1	Stanjemonium_grisellum_CBS_655.79_v1.0
Leugo1_1	Leucoagaricus_gongylophorus_Ac12
Orpsp1_1	Orpinomyces_sp.
Linin1	Lindgomyces_ingoldianus_ATCC_200398_v1.0
Venin1	Venturia_inaequalis
Valla1	Valetoniellopsis_laxa_CBS_191.97_v1.0
Leisp1	Leiotrametes_sp_BRFM_1775_v1.0
Mictr1	Microascus_trigonosporus_CBS_218.31_v1.0
Myrin1	Myrothecium_inundatum_CBS_120646_v1.0
Nieex1	Niesslia_exilis_CBS_358.70_v1.0
Tribi1	Trichodelitschia_bisporula_CBS_262.69_v1.0
Armga1	Armillaria_gallica_21-2_v1.0
Acrst1	Acremonium_strictum_DS1bioAY4a_v1.0
Stasp1	Stagonospora_sp._SRC1lsM3a_v1.0
Eryha1	Erythrobasidium_hasegawianum_ATCC_9536_v1.0
Alternaria alternata SRC1lrK2f v1.0	000
Massarina eburnea CBS 473.64 v1.0	001
Aspergillus ochraceoroseus IBT 24754 v1.0	002
Aspergillus niger van Tieghem ATCC 13496 v1.0	003
Aspergillus campestris IBT 28561 v1.0	004
Aspergillus novofumigatus IBT 16806 v1.0	005
Aspergillus steynii IBT 23096 v1.0	006
Aspergillus niger (phoenicis Corda) Thom ATCC 13157 v1.0	007
Ramicandelaber brevisporus CBS 109374 v1.0	008
Rhizopogon salebrosus TDB-379 v1.0	009
Conidiobolus thromboides FSU 785 v1.0	010
Martensiomyces pterosporus CBS 209.56 v1.0	011
Rhizoscyphus ericae UAMH 7357 v1.0	012
Marssonina brunnea f. sp. multigermtubi MB_m1	013
Teratosphaeria nubilosa CBS 116005 v1.0	014
Zymoseptoria pseudotritici STIR04_2.2.1	015
Zymoseptoria ardabiliae STIR04_1.1.1	016
Phyllosticta citriasiana CBS 120486 v1.0	017
Pseudovirgaria hyperparasitica CBS 121739 v1.0	018
Clathrospora elynae CBS 161.51 v1.0	019
Tothia fuscella CBS 130266 v1.0	020
Auriscalpium vulgare FP105234-Sp v1.0	021
Polyplosphaeria fusca CBS 125425 v1.0	022
Verruculina enalia CBS 304.66 v1.0	023
Aporpium caryae L-13461	024
Armillaria mellea DSM 3731	025
Neurospora crassa FGSC 73 trp-3 v1.0	026
Gymnopus androsaceus JB14 v1.0	027
Panellus stipticus KUC8834 v1.1	028
Clavulina sp. PMI_390 v1.0	029
Thozetella sp. PMI_491 v2.0	030
Coniochaeta sp. PMI_546 v1.0	031
Artolenzites elegans CIRM-BRFM 1663 v1.0	032
Trametes ljubarskyi CIRM1659 v1.0	033
Cladonia grayi Cgr/DA2myc/ss v2.0	034
Coniochaeta ligniaria NRRL 30616 v1.0	035
Guyanagaster necrorhiza MCA 3950 v1.0	036
Rhodotorula sp. JG-1b	037
Westerdykella ornata CBS 379.55 v1.0	038
Byssothecium circinans CBS 675.92 v1.0	039
Sporobolomyces roseus v1.0	040
Batrachochytrium dendrobatidis JAM81 v1.0	041
Scheffersomyces stipitis NRRL Y-11545 v2.0	042
Mycosphaerella graminicola v2.0	043
Rhizopogon vinicolor AM-OR11-026 v1.0	044
Clavicorona pyxidata HHB10654 v1.0	045
Obba rivulosa 3A-2 v1.0	046
Delitschia confertaspora ATCC 74209 v1.0	047
Pycnoporus coccineus CIRM1662	048
Gymnopilus chrysopellus PR-1187 v1.0	049
Ophiobolus disseminans CBS 113818 v1.0	050
Corynespora cassiicola CCP v1.0	051
Lophium mytilinum CBS 269.34 v1.0	052
Coniochaeta ligniaria CBS 111746	053
Macroventuria anomochaeta CBS 525.71 v1.0	054
Aaosphaeria arxii CBS 175.79 v1.0	055
Phoma tracheiphila IPT5 v1.0	056
Trichosporon oleaginosus IBC0246 v1.0	057
Phanerochaete chrysosporium RP-78 v2.2	058
Karstenula rhodostoma CBS 690.94 v1.0	059
Amniculicola lignicola CBS 123094 v1.0	060
Heterogastridium pycnidioideum ATCC MYA-4631 v1.0	061
Naiadella fluitans ATCC 64713 v1.0	062
Sporobolomyces linderae CBS 7893 v1.0	063
Tritirachium sp. CBS 265.96 v1.0	064
Agaricostilbum hyphaenes  ATCC MYA-4628 v1.0	065
Cystobasidium minutum MCA 4210 v1.0	066
Gyrodon lividus BX v1.0	067
Tilletiaria anomala UBC 951 v1.0	068
Thielavia antarctica CBS 123565 v1.0	069
Cadophora sp. DSE1049 v1.0	070
Ramaria rubella (R. acris) UT-36052-T v1.0	071
Saccharata proteae CBS 121410 v1.0	072
Aspergillus niger NRRL3	073
Pycnoporus sanguineus BRFM 1264 v1.0	074
Morchella importuna CCBAS932 v1.0	075
Penicillium brevicompactum AgRF18 v1.0	076
Talaromyces marneffei ATCC 18224	077
Penicillium janthinellum ATCC 10455 v1.0	078
Penicillium raistrickii ATCC 10490 v1.0	079
Talaromyces aculeatus ATCC 10409 v1.0	080
Thielavia appendiculata CBS 731.68 v1.0	081
Thielavia hyrcaniae CBS 757.83 v1.0	082
Trematosphaeria pertusa CBS 122368 v1.0	083
Leucogyrophana mollusca KUC20120723A-06 v1.0	084
Schizopora paradoxa KUC8140 v1.0	085
Thielavia arenaria CBS 508.74 v1.0	086
Auricularia subglabra v2.0	087
Aspergillus niger ATCC 1015 v4.0	088
Rozella allomycis CSF55	089
Talaromyces stipitatus ATCC 10500	090
Malassezia sympodialis ATCC 42132	091
Enterocytozoon bieneusi H348	092
Pseudozyma antarctica T-34	093
Nosema ceranae BRL01	094
Penicillium oxalicum 114-2	095
Penicillium chrysogenum Wisconsin 54-1255	096
Aspergillus kawachii IFO 4308	097
Ascocoryne sarcoides NRRL50072	098
Choiromyces venosus 120613-1 v1.0	099
Dendrothele bispora CBS 962.96 v1.0	100
Dothidotthia symphoricarpi v1.0	101
Exobasidium vaccinii MPITM v1.0	102
Fibulorhizoctonia sp. CBS 109695 v1.0	103
Moniliophthora perniciosa FA553	104
Aspergillus fumigatus A1163	105
Arthroderma benhamiae CBS 112371	106
Trichophyton verrucosum HKI 0517	107
Encephalitozoon hellem ATCC 50504	108
Macrophomina phaseolina MS6	109
Monacrosporium haptotylum CBS 200.50	110
Schizosaccharomyces cryophilus OY26	111
Schizosaccharomyces octosporus yFS286	112
Cordyceps militaris CM01	113
Encephalitozoon romaleae SJ-2008	114
Rhizopus microsporus var. chinensis CCTCC M201021	115
Arthrobotrys oligospora ATCC 24927	116
Verticillium alfalfae VaMs.102	117
Schizosaccharomyces japonicus yFS275	118
Sporisorium reilianum SRZ2	119
Encephalitozoon intestinalis ATCC 50506	120
Fibroporia radiculosa TFFH 294	121
Trichoderma citrinoviride TUCIM 6016 v4.0	122
Trichoderma longibrachiatum ATCC 18648 v3.0	123
Sporormia fimetaria v1.0	124
Pseudozyma hubeiensis SY62	125
Rhizoctonia solani AG-1 IB	126
Lentinus tigrinus ALCF2SS1-6 v1.0	127
Calocera viscosa v1.0	128
Lentinus tigrinus ALCF2SS1-7 v1.0	129
Lentinus tigrinus v1.0	130
Sistotremastrum niveocremeum HHB9708 ss-1 1.0	131
Beauveria bassiana ARSEF 2860	132
Glarea lozoyensis ATCC 20868	133
Uncinocarpus reesii UAMH 1704	134
Schizophyllum commune H4-8 v3.0	135
Pyronema confluens CBS100304	136
Paracoccidioides brasiliensis Pb03	137
Puccinia striiformis f. sp. tritici PST-130 	138
Encephalitozoon cuniculi GB-M1	139
Wallemia ichthyophaga EXF-994	140
Phaeoacremonium aleophilum UCRPA7	141
Eutypa lata UCREL1	142
Metarhizium acridum CQMa 102	143
Penicillium digitatum PHI26	144
Fusarium fujikuroi IMI 58289	145
Grosmannia clavigera kw1407	146
Coccidioides immitis RS 	147
Xylona heveae TC161 v1.0	148
Gymnascella citrina v1.1	149
Monascus purpureus v1.0	150
Sodiomyces alkalinus v1.0	151
Anthostoma avocetta NRRL 3190 v1.0	152
Saccharomyces cerevisiae YB210 v1.0	153
Lophiostoma macrostomum v1.0	154
Gymnascella aurantiaca v1.0	155
Atractiellales rhizophila v2.0	156
Dissoconium aciculare v1.0	157
Neofusicoccum parvum UCRNP2	158
Piedraia hortae v1.1	159
Antonospora locustae HM-2013	160
Nematocida parisii ERTm1	161
Backusella circina FSU 941 v1.0	162
Wilcoxina mikolae CBS 423.85 v1.0	163
Colletotrichum graminicola M1.001	164
Schizophyllum commune Tattone D v1.0	165
Schizophyllum commune Loenen D v1.0	166
Penicillium brevicompactum 1011305 v2.0	167
Microsporum canis CBS 113480	168
Histoplasma capsulatum NAm1	169
Trichophyton rubrum CBS 118892	170
Zopfia rhizophila v1.0	171
Rhizopus microsporus var. microsporus ATCC52813 v1.0	172
Exidia glandulosa v1.0	173
Pleomassaria siparia v1.0	174
Macrolepiota fuliginosa MF-IS2 v1.0	175
Cortinarius glaucopus AT 2004 276 v2.0	176
Chalara longipes BDJ v1.0	177
Trypethelium eluteriae v1.0	178
Calocera cornea v1.0	179
Penicillium expansum ATCC 24692 v1.0	180
Trichaptum abietinum v1.0	181
Penicillium canescens ATCC 10419 v1.0	182
Penicillium bilaiae ATCC 20851 v1.0	183
Coprinopsis cinerea AmutBmut pab1-1 v1.0	184
Penicillium glabrum DAOM 239074 v1.0	185
Penicillium fellutanum ATCC 48694 v1.0	186
Penicillium lanosocoeruleum ATCC 48919 v1.0	187
Volvariella volvacea V23	188
Rhizophagus irregularis DAOM 181602 v1.0	189
Patellaria atrata v1.0	190
Lichtheimia hyalospora v1.0	191
Lindra thalassiae JK4322 v1.0	192
Pneumocystis jirovecii	193
Taphrina deformans	194
Antrodia sinuosa LB1 v1.0	195
Aureobasidium pullulans var. melanogenum CBS 110374	196
Aureobasidium pullulans var. namibiae CBS 147.97	197
Peniophora sp. v1.0	198
Cylindrobasidium torrendii FP15055 v1.0	199
Melanomma pulvis-pyrius v1.0	200
Omphalotus olearius	201
Aspergillus niger CBS 513.88	202
Aulographum hederae v2.0	203
Neurospora crassa OR74A v2.0	204
Tricholoma matsutake 945 v3.0	205
Lepidopterella palustris v1.0	206
Meliniomyces bicolor E v2.0	207
Polychaeton citri v1.0	208
Cenococcum geophilum 1.58 v2.0	209
Sistotremastrum suecicum v1.0	210
Aureobasidium pullulans var. pullulans EXF-150	211
Pichia pastoris	212
Debaryomyces hansenii	213
Kluyveromyces lactis	214
Pycnoporus coccineus BRFM 310 v1.0	215
Neolentinus lepideus v1.0	216
Laetiporus sulphureus var. sulphureus v1.0	217
Polyporus arcularius v1.0	218
Thermoascus aurantiacus v1.0	219
Cerrena unicolor v1.1	220
Meliniomyces variabilis F v1.0	221
Fistulina hepatica v1.0	222
Cryptococcus vishniacii v1.0	223
Daedalea quercina v1.0	224
Lentithecium fluviatile v1.0	225
Saccharomyces cerevisiae M3836 v1.0	226
Saccharomyces cerevisiae M3838 v1.0	227
Saccharomyces cerevisiae M3837 v1.0	228
Saccharomyces cerevisiae M3707 Dikaryon	229
Saccharomyces cerevisiae M3839 v1.0	230
Dioszegia cryoxerica v1.0	231
Sclerotinia sclerotiorum v1.0	232
Cucurbitaria berberidis CBS 394.84 v1.0	233
Yarrowia lipolytica (strain CLIB122)	234
Schizosaccharomyces pombe	235
Aspergillus clavatus NRRL 1 from AspGD	236
Aspergillus flavus NRRL3357	237
Umbelopsis ramanniana AG # v1.0	238
Cyberlindnera jadinii NRRL Y-1542 v1.0	239
Ascobolus immersus RN42 v1.0	240
Symbiotaphrina kochii v1.0	241
Aplosporella prunicola CBS 121.167 v1.0	242
Ilyonectria sp. v1.0	243
Myriangium duriaei CBS 260.36 v1.0	244
Glomerella acutata (Colletotrichum fiorinae MH 18) v1.0	245
Monascus ruber NRRL 1597 v1.0	246
Neosartorya fischeri NRRL 181	247
Aspergillus terreus NIH 2624	248
Aspergillus oryzae RIB40	249
Aspergillus fumigatus Af293 from AspGD	250
Melanconium sp. NRRL 54901 v1.0	251
Glomerella cingulata 23 (Colletotrichum gloeosporoides 23) v1.0	252
Aspergillus zonatus v1.0	253
Aspergillus glaucus v1.0	254
Hebeloma cylindrosporum h7 v2.0	255
Didymella exigua CBS 183.55 v1.0	256
Aspergillus tubingensis v1.0	257
Aspergillus wentii v1.0	258
Amanita muscaria Koide v1.0	259
Zasmidium cellare ATCC 36951 v1.0	260
Cladosporium fulvum v1.0	261
Apiospora montagnei NRRL 25634 v1.0	262
Fomitopsis pinicola FP-58527 SS1 v3.0	263
Hypoxylon sp. CI-4A v1.0	264
Hypoxylon sp. CO27-5 v1.0	265
Daldinia eschscholtzii EC12 v1.0	266
Amanita thiersii Skay4041 v1.0	267
Sebacina vermifera MAFF 305830 v1.0	268
Piriformospora indica DSM 11827 from MPI	269
Scleroderma citrinum Foug A v1.0	270
Tulasnella calospora AL13/4D v1.0	271
Cronartium quercuum f. sp. fusiforme G11 v1.0	272
Aspergillus sydowii CBS 593.65 v1.0	273
Aspergillus versicolor v1.0	274
Cochliobolus lunatus m118 v2.0	275
Aspergillus brasiliensis v1.0	276
Aspergillus luchuensis CBS 106.47 v1.0	277
Pisolithus microcarpus 441 v1.0	278
Pisolithus tinctorius Marx 270 v1.0	279
Aureobasidium pullulans var. subglaciale EXF-2481	280
Cochliobolus miyabeanus ATCC 44560 v1.0	281
Cochliobolus victoriae FI3 v1.0	282
Cochliobolus carbonum 26-R-13 v1.0	283
Dekkera bruxellensis CBS 2499 v2.0	284
Hanseniaspora valbyensis NRRL Y-1626 v1.1	285
Hydnomerulius pinastri v2.0	286
Sphaerobolus stellatus v1.0	287
Piloderma croceum F 1598 v1.0	288
Metschnikowia bicuspidata NRRL YB-4993 v1.0	289
Hyphopichia burtonii NRRL Y-1933 v1.0	290
Candida tanzawaensis NRRL Y-17324  v1.0	291
Mixia osmundae IAM 14324 v1.0	292
Babjeviella inositovora NRRL Y-12698 v1.0	293
Conidiobolus coronatus NRRL28638 v1.0	294
Trichoderma harzianum CBS 226.95 v1.0	295
Trichoderma asperellum CBS 433.97 v1.0	296
Penicillium chrysogenum v1.0	297
Cryptococcus neoformans var neoformans JEC21	298
Amorphotheca resinae v1.0	299
Galerina marginata v1.0	300
Gonapodya prolifera v1.0	301
Candida arabinofermentans NRRL YB-2248 v1.0	302
Postia placenta MAD-698-R-SB12 v1.0	303
Ascoidea rubescens NRRL Y17699 v1.0	304
Piromyces sp. E2 v1.0	305
Pichia membranifaciens v2.0	306
Cercospora zeae-maydis v1.0	307
Plicaturopsis crispa v1.0	308
Serpula himantioides (S.lacrymans var shastensis) MUCL38935 v1.0	309
Cochliobolus heterostrophus C5 v2.0	310
Saitoella complicata NRRL Y-17804 v1.0	311
Cochliobolus heterostrophus C4 v1.0	312
Nadsonia fulvescens var. elongata DSM 6958 v1.0	313
Coemansia reversa NRRL 1564 v1.0	314
Serpula lacrymans S7.9 v2.0	315
Hypholoma sublateritium v1.0	316
Gymnopus luxurians v1.0	317
Jaapia argillacea v1.0	318
Botryobasidium botryosum v1.0	319
Paxillus involutus ATCC 200175 v1.0	320
Oidiodendron maius Zn v1.0	321
Cochliobolus sativus ND90Pr v1.0	322
Tortispora caseinolytica Y-17796 v1.0	323
Lipomyces starkeyi NRRL Y-11557 v1.0	324
Baudoinia compniacensis UAMH 10762 (4089826) v1.0	325
Trichoderma reesei RUT C-30 v1.0	326
Phlebiopsis gigantea v1.0	327
Bjerkandera adusta v1.0	328
Acremonium alcalophilum v2.0	329
Acidomyces richmondensis BFW	330
Acidomyces richmondensis BFW	331
Candida tenuis NRRL Y-1498 v1.0	332
Spathaspora passalidarum NRRL Y-27907 v2.0	333
Fusarium graminearum v1.0	334
Stagonospora nodorum SN15 v2.0	335
Verticillium dahliae VdLs.17	336
Phanerochaete carnosa HHB-10118-Sp v1.0	337
Pachysolen tannophilus NRRL Y-2460 v1.2	338
Eurotium rubrum v1.0	339
Wickerhamomyces anomalus NRRL Y-366-8 v1.0	340
Ganoderma sp. 10597 SS1 v1.0	341
Phlebia brevispora HHB-7030 SS6 v1.0	342
Pyrenophora teres f. teres	343
Dacryopinax primogenitus DJM 731 SSP1 v1.0	344
Laccaria bicolor v2.0	345
Leptosphaeria maculans	346
Myceliophthora thermophila (Sporotrichum thermophile) v2.0	347
Thielavia terrestris v2.0	348
Aspergillus nidulans	349
Aspergillus aculeatus ATCC16872 v1.1	350
Fomitiporia mediterranea v1.0	351
Dichomitus squalens LYAD-421 SS1 v1.0	352
Trametes versicolor v1.0	353
Stereum hirsutum FP-91666 SS1 v1.0	354
Coniophora puteana v1.0	355
Punctularia strigosozonata v1.0	356
Saccharomyces cerevisiae S288C	357
Wolfiporia cocos MD-104 SS10 v1.0	358
Ogataea polymorpha NCYC 495 leu1.1 v2.0	359
Rhodotorula graminis strain WP1 v1.1	360
Septoria musiva SO2202 v1.0	361
Gloeophyllum trabeum v1.0	362
Wallemia mellicola v1.0	363
Dothistroma septosporum NZE10 v1.0	364
Heterobasidion annosum v2.0	365
Pleurotus ostreatus PC15 v2.0	366
Ceriporiopsis (Gelatoporia) subvermispora B	367
Neurospora tetrasperma FGSC 2508 mat A v2.0	368
Trichoderma virens Gv29-8 v2.0	369
Trichoderma atroviride v2.0	370
Pseudocercospora (Mycosphaerella) fijiensis v2.0	371
Agaricus bisporus var. burnettii JB137-S8	372
Pleurotus ostreatus PC9 v1.0	373
Agaricus bisporus var bisporus (H97) v2.0	374
Aspergillus carbonarius ITEM 5010 v3	375
Serpula lacrymans S7.3 v2.0	376
Neurospora tetrasperma FGSC 2509 mat a v1.0	377
Cryptococcus neoformans var. grubii H99	378
Malassezia globosa	379
Coprinopsis cinerea	380
Mucor circinelloides CBS277.49 v2.0	381
Phycomyces blakesleeanus NRRL1555 v2.0	382
Cryphonectria parasitica EP155 v2.0	383
Tremella mesenterica Fries v1.0	384
Neurospora discreta FGSC 8579 mat A	385
Nectria haematococca v2.0	386
Trichoderma reesei v2.0	387
Postia placenta MAD 698-R v1.0	388
Pycnoporus cinnabarinus BRFM 137	389
Puccinia striiformis f. sp. tritici PST-78 v1.0	390
Tuber aestivum var. urcinatum v1.0	391
Phlebia centrifuga FBCC195 	392
Aspergillus ochraceoroseus SRRC1432	393
Rhizopus delemar 99-880 from Broad	394
Botrytis cinerea v1.0	395
Penicillium expansum d1	396
Aspergillus rambellii SRRC1468	397
Tuber magnatum v1.0	398
Rhodosporidium toruloides IFO1236_1	399
Hesseltinella vesiculosa NRRL3301 v2.0	400
Metschnikowia fructicola 277	401
Trametes pubescens FBCC735	402
Acremonium chrysogenum ATCC 11550	403
Ophiostoma piceae UAMH 11346	404
Trichoderma hamatum GD12	405
Gaeumannomyces graminis var. tritici R3-111a-1	406
Fusarium pseudograminearum CS3096	407
Pyrenophora tritici-repentis	408
Septoria populicola v1.0	409
Chaetomium globosum v1.0	410
Ascochyta rabiei ArDII	411
Chaetosphaeria innumera	412
Alternaria brassicicola	413
